
files,language,blank,comment,code,"github.com/AlDanial/cloc v 1.74  T=1.57 s (166.8 files/s, 31593.0 lines/s)"
48,C/C++ Header,3298,4962,12507
90,JavaScript,2175,3228,10153
30,JSON,23,0,4661
11,C++,262,242,1229
9,Markdown,343,0,888
17,Bourne Shell,202,97,727
10,Groovy,118,260,618
9,Objective C,201,184,562
4,Objective C++,128,145,511
8,Java,80,32,318
1,TypeScript,90,236,278
3,Bourne Again Shell,35,27,150
2,make,19,1,121
2,Prolog,26,0,103
4,Dockerfile,14,11,95
8,XML,13,2,91
1,DOS Batch,24,2,64
2,Ruby,7,0,26
1,PowerShell,6,12,11
1,Lisp,0,1,6
1,HTML,0,0,6
