
files,language,blank,comment,code,"github.com/AlDanial/cloc v 1.74  T=40.45 s (216.5 files/s, 37724.7 lines/s)"
3339,C++,121036,166356,605358
1098,C/C++ Header,35958,56196,129817
2305,C,26575,87042,79627
1223,Objective C,12904,57795,44720
32,HTML,2745,271,24054
320,Objective C++,3569,22186,12206
51,Python,2325,2528,8681
28,Windows Module Definition,900,0,6676
8,Perl,522,293,2356
70,CMake,333,121,2287
77,make,463,718,1435
83,OpenCL,441,540,1176
8,CSS,77,24,853
23,CUDA,218,230,478
3,JavaScript,75,150,475
40,XML,16,0,403
5,DOS Batch,46,2,335
2,Lisp,62,115,239
6,C#,27,88,236
1,MSBuild script,0,7,226
11,Bourne Shell,44,32,192
3,JSON,6,0,109
8,YAML,0,0,108
1,Pascal,43,110,57
1,Fortran 95,1,0,8
1,Markdown,3,0,7
10,Assembly,61,266,4
1,Fortran 90,0,244,0
