
files,language,blank,comment,code,"github.com/AlDanial/cloc v 1.74  T=10.76 s (143.5 files/s, 40109.5 lines/s)"
409,C,24446,20906,112846
164,JavaScript,5389,5459,100889
445,Python,8481,12328,27560
45,Bourne Shell,4562,5179,27471
81,HTML,217,6,16521
95,C/C++ Header,3663,3204,14400
12,m4,1216,168,10811
13,TypeScript,1050,686,7363
147,C++,1013,663,4943
18,Markdown,913,0,3577
4,make,151,97,923
9,DOS Batch,105,1,786
17,JSON,0,0,688
8,CMake,155,152,648
4,Perl,86,71,371
10,XML,0,0,295
2,Lisp,42,38,258
3,Windows Resource File,48,81,131
16,Objective C,52,54,109
9,Objective C++,19,7,72
6,YAML,8,2,67
5,IDL,8,0,51
4,Bourne Again Shell,7,6,29
7,Assembly,8,18,25
6,Windows Module Definition,6,15,12
2,MATLAB,2,0,10
1,Swift,2,0,7
2,Mercury,0,0,2
