
files,language,blank,comment,code,"github.com/AlDanial/cloc v 1.74  T=9.29 s (48.8 files/s, 21555.6 lines/s)"
41,Qt Linguist,126,0,119293
151,C++,6483,6127,27885
7,XML,73,4,10668
151,C/C++ Header,2378,2181,6559
15,Qt,0,0,5854
14,Markdown,793,0,3003
28,Bourne Shell,462,718,2158
3,C,187,678,1329
24,CSS,165,27,879
6,CMake,106,94,810
1,INI,0,0,238
1,Objective C,64,32,177
2,YAML,9,6,161
1,Go,26,1,106
2,Bourne Again Shell,24,44,99
1,Objective C++,16,15,49
1,Perl,7,1,29
1,Qt Project,13,5,24
1,TOML,0,0,4
2,Windows Resource File,0,0,3
