
files,language,blank,comment,code,"github.com/AlDanial/cloc v 1.74  T=61.79 s (114.2 files/s, 179424.7 lines/s)"
3958,JavaScript,87804,187644,435421
865,Sass,10004111,876,56146
594,JSON,244,0,54581
462,Markdown,21134,0,49134
74,HTML,2096,62,45140
635,CSS,3167,1119,36607
47,Python,3920,7129,17054
54,C++,3061,2148,16521
118,C/C++ Header,2951,4216,12146
23,C,1612,2405,9927
25,Objective C,1017,731,3193
9,Java,329,599,2195
23,TypeScript,481,607,1912
12,Bourne Shell,256,311,1217
86,YAML,120,93,913
2,Perl,88,170,613
25,make,139,4,517
2,C#,100,77,505
9,XML,86,105,503
3,Lisp,41,37,243
7,Ruby,53,23,191
1,LESS,22,9,130
9,Bourne Again Shell,35,30,115
1,m4,20,0,110
1,Stylus,0,9,107
6,Smarty,17,30,91
1,QML,6,22,64
1,Windows Resource File,1,1,33
2,DOS Batch,2,0,8
1,zsh,4,14,7
1,CoffeeScript,0,0,1
