
files,language,blank,comment,code,"github.com/AlDanial/cloc v 1.74  T=87.49 s (190.5 files/s, 52500.4 lines/s)"
3219,C++,204224,204616,1056812
7519,C/C++ Header,216900,422243,1044652
811,C,46407,114550,484750
1092,Go,34892,32858,232157
2632,JavaScript,39334,36244,170235
755,Python,25806,46629,98976
145,YAML,1171,1214,17120
15,Perl,1057,1446,6952
121,Bourne Shell,1300,1152,6568
62,JSON,4,0,4724
31,Java,811,2056,4405
15,Assembly,235,604,4372
10,HTML,471,63,2795
41,Markdown,842,0,2531
30,IDL,285,0,2487
57,make,548,350,2354
11,CSS,610,90,2282
19,DOS Batch,230,9,1877
22,m4,104,60,1784
7,PHP,48,24,1066
5,Bourne Again Shell,157,163,794
3,NAnt script,73,0,792
5,WiX source,54,22,696
1,Pascal,79,95,671
6,Windows Resource File,63,98,277
3,Ruby,48,41,245
1,XML,5,6,176
2,Windows Module Definition,2,0,25
1,Lisp,11,21,19
19,INI,0,0,19
1,vim script,5,15,11
1,D,4,22,8
3,RobotFramework,0,0,6
1,PowerShell,1,2,6
