
files,language,blank,comment,code,"github.com/AlDanial/cloc v 1.74  T=24.25 s (154.8 files/s, 43859.9 lines/s)"
1399,C++,51259,36754,502548
1582,C/C++ Header,33290,59447,196121
84,C,7228,6033,39004
171,Java,6303,4656,33689
96,Bourne Shell,4438,5415,33108
61,Python,1323,2249,9253
4,m4,861,55,7323
154,INI,398,2,4519
108,make,676,453,3904
1,yacc,188,173,2574
8,Puppet,0,41,2302
15,XML,119,57,1461
28,SQL,328,212,1374
2,Perl,175,103,1098
1,lex,79,26,682
13,CMake,73,167,405
3,Maven,7,0,330
6,Bourne Again Shell,39,9,298
7,Lua,14,38,210
2,ANTLR Grammar,49,4,199
2,Markdown,4,0,194
3,XSLT,15,6,94
1,Ant,12,0,71
1,awk,0,0,20
1,diff,0,1,3
1,Windows Resource File,0,0,2
