
files,language,blank,comment,code,"github.com/AlDanial/cloc v 1.74  T=8.02 s (146.2 files/s, 45667.2 lines/s)"
540,Go,16790,10755,116127
227,C,16237,23585,95734
91,Tcl/Tk,2537,1181,18014
137,C/C++ Header,2607,5089,12846
40,Bourne Shell,1543,1453,11197
11,HTML,3193,36,8615
48,Markdown,1747,0,5487
1,Perl,559,881,3932
1,m4,100,89,1298
15,make,309,147,1020
5,JSON,2,0,893
7,JavaScript,91,99,663
20,Lua,69,71,385
6,Ruby,44,50,336
5,CSS,18,4,102
1,Python,13,11,95
9,YAML,14,3,68
1,DOS Batch,2,0,26
4,INI,0,0,17
1,Dockerfile,6,3,11
1,XSLT,0,0,7
1,vim script,0,0,1
