
files,language,blank,comment,code,"github.com/AlDanial/cloc v 1.74  T=29.64 s (157.8 files/s, 67704.5 lines/s)"
774,C,84102,133396,489271
883,C++,75261,59383,363207
2204,C/C++ Header,73075,145435,324449
285,XML,39,118,135264
92,ActionScript,6130,3268,30593
102,Lua,4037,4610,24465
138,CMake,1191,5424,8851
32,Objective C,1970,1465,8177
45,HLSL,614,428,4367
43,GLSL,570,418,3616
7,Java,380,386,1747
16,Markdown,479,0,1745
2,HTML,43,27,1721
6,Assembly,385,420,1468
3,JSON,0,0,1462
1,Ruby,47,184,772
2,Perl,67,54,555
2,YAML,24,78,547
16,DOS Batch,16,0,322
18,Bourne Shell,40,380,126
3,Windows Resource File,16,23,82
1,Python,9,2,55
1,Mustache,5,0,33
1,Ant,16,55,12
