
files,language,blank,comment,code,"github.com/AlDanial/cloc v 1.74  T=26.17 s (200.9 files/s, 45859.5 lines/s)"
2310,C++,89837,158966,434594
2375,C/C++ Header,44382,50715,191389
441,Python,21559,28601,99248
21,C,1247,1340,47050
2,MSBuild script,0,0,6040
25,Objective C++,1298,1638,5681
35,Perl,782,1342,4920
3,Lisp,591,1115,3726
4,Bourne Again Shell,281,298,1118
4,Bourne Shell,53,75,292
4,Windows Resource File,73,89,272
7,Markdown,51,0,177
2,JavaScript,30,28,173
1,HTML,1,0,157
2,C Shell,21,16,99
4,GLSL,37,24,85
5,DOS Batch,26,21,82
2,Java,13,33,56
1,YAML,0,0,54
1,IDL,11,0,40
1,Puppet,7,6,38
4,Windows Module Definition,4,3,26
1,XML,3,2,19
1,R,5,1,13
1,Visual Basic,0,0,4
