
files,language,blank,comment,code,"github.com/AlDanial/cloc v 1.74  T=5.65 s (160.4 files/s, 54900.8 lines/s)"
367,HTML,4483,1566,130885
86,C,18834,30522,57222
269,JavaScript,133,97,20386
77,C/C++ Header,4071,10626,6675
5,Objective C,1578,1893,5017
7,C++,1124,1242,3438
44,INI,726,446,2675
4,CSS,315,45,1589
5,Lua,395,141,1256
4,R,71,20,778
1,Python,99,38,479
8,make,65,0,272
2,Markdown,82,0,242
1,Bourne Again Shell,20,21,123
2,Java,23,6,108
2,YAML,27,0,105
4,Groovy,16,3,80
5,DOS Batch,28,4,76
8,XML,16,11,60
1,Objective C++,30,52,54
4,Bourne Shell,10,0,37
1,Prolog,2,0,15
