
files,language,blank,comment,code,"github.com/AlDanial/cloc v 1.74  T=22.88 s (77.8 files/s, 27310.1 lines/s)"
1575,Python,83606,120700,374421
6,JavaScript,1918,1774,8556
114,C/C++ Header,5421,6281,8521
24,Java,805,885,3179
15,HTML,278,15,3108
1,make,170,168,1033
3,CSS,161,38,648
13,XML,104,5,461
6,C++,102,152,446
4,Windows Module Definition,25,0,426
4,Bourne Shell,70,120,406
4,Windows Resource File,74,94,286
1,C,22,22,100
4,DOS Batch,17,15,70
1,Ant,17,59,16
2,Visual Basic,1,1,12
1,Markdown,1,0,3
1,JSON,0,0,1
