
files,language,blank,comment,code,"github.com/AlDanial/cloc v 1.74  T=6.32 s (157.6 files/s, 64568.1 lines/s)"
418,C,25506,29393,179549
393,C/C++ Header,8940,17552,47937
20,Bourne Shell,5471,5248,34471
19,Lua,960,1305,8931
12,m4,943,110,8742
16,HTML,343,8,5916
20,MSBuild script,0,0,5863
27,Objective C,1312,1077,5253
29,C++,875,1113,3581
4,CMake,221,608,1874
3,Perl,183,97,1097
11,make,194,262,850
1,Java,155,138,781
2,CSS,0,24,467
3,DOS Batch,34,0,274
12,GLSL,67,163,132
1,Markdown,25,0,80
1,Python,9,2,52
3,XML,7,13,41
1,Windows Resource File,4,4,30
1,Ant,17,60,16
