
files,language,blank,comment,code,"github.com/AlDanial/cloc v 1.74  T=16.83 s (133.3 files/s, 37870.5 lines/s)"
785,C/C++ Header,30613,51919,173913
164,C,17279,9782,85688
372,HTML,4888,1206,58294
372,C++,14278,12448,55085
29,Bourne Shell,6111,6730,40140
9,m4,2045,241,18016
21,MSBuild script,0,0,7322
99,CMake,1590,1673,5106
76,JavaScript,459,277,3435
45,make,491,217,2831
153,GLSL,904,283,2733
8,Objective C,698,363,2696
14,TeX,1012,95,2644
4,JSON,0,0,2494
9,CSS,314,58,1782
16,Python,723,462,1706
18,Perl,395,277,1665
9,XML,203,9,1400
5,Markdown,91,0,359
7,Windows Resource File,20,24,341
1,LESS,76,28,266
5,Windows Module Definition,5,29,228
7,DOS Batch,46,2,144
1,Bourne Again Shell,19,20,121
2,Objective C++,48,31,90
4,YAML,0,0,80
3,Expect,18,6,74
2,Groovy,6,3,19
1,Prolog,3,0,18
1,Lua,2,0,9
1,HLSL,0,0,1
