
files,language,blank,comment,code,"github.com/AlDanial/cloc v 1.74  T=25.58 s (150.8 files/s, 56470.6 lines/s)"
1202,C,89286,114081,507242
337,C++,41621,21219,138446
414,HTML,1262,3445,116534
1110,C/C++ Header,26432,48839,98729
44,XML,17693,72,66853
209,Windows Resource File,6535,5143,62189
128,Perl,3053,3320,11688
26,WiX include,1985,124,6284
20,Java,1250,8805,5638
83,m4,433,422,5579
148,Bourne Shell,882,1704,4837
28,Objective C,942,1415,4136
6,IDL,398,4,2773
1,R,1,0,2306
10,Windows Message File,304,309,1623
32,Windows Module Definition,96,113,1247
8,Assembly,194,608,988
6,Bourne Again Shell,88,112,644
10,Expect,19,8,602
3,MSBuild script,0,0,595
3,WiX source,58,57,463
2,yacc,60,47,429
8,DOS Batch,91,128,266
3,Tcl/Tk,81,138,249
4,INI,34,0,234
3,make,92,90,181
2,lex,30,37,168
2,CSS,29,4,128
1,D,15,0,122
2,C Shell,14,17,87
1,WiX string localization,7,1,84
1,SKILL,6,0,24
1,AMPLE,0,0,3
1,Visualforce Component,0,0,2
